cut,nombre,lat,lon,pga,mmi,dist_epi_km,fuente
1101,Iquique,-20.2140657,-70.1524646,0.0,1.0,1788.9949392694546,fuera_grid
1107,Alto Hospicio,-20.2700478,-70.1009162,0.0,1.0,1783.5913474988986,fuera_grid
2101,Antofagasta,-23.6463741,-70.3980033,0.0,1.0,1407.8455914469062,fuera_grid
2201,Calama,-22.4623917,-68.9272181,0.0,1.0,1566.4906416886104,fuera_grid
2301,Tocopilla,-22.0887189,-70.1960657,0.0,1.0,1582.1438400016461,fuera_grid
3101,Copiapó,-27.3664685,-70.3322753,0.0,1.0,1003.2216554277,fuera_grid
3201,Chañaral,-26.347934,-70.6223617,0.0,1.0,1108.0447517956063,fuera_grid
4101,La Serena,-29.902705,-71.2519575,1.483,4.0,708.3436330894543,grid
4102,Coquimbo,-30.7546652,-70.9005536,1.977,4.1,624.8899696096497,grid
4106,Vicuña,-30.03,-70.71,1.15,3.7,707.3483498269615,grid
4301,Ovalle,-30.6030819,-71.2029894,2.652,4.8,633.508753961041,grid
4302,Combarbalá,-31.1781518,-71.0024382,3.22,4.4,577.0132665794013,grid
5101,Valparaíso,-33.05,-71.62,20.9,6.9,361.05895012350237,grid
5103,Concón,-32.9220036,-71.5159565,18.57,6.7,377.66563809000064,grid
5106,Quilpué,-33.05,-71.44,21.39,6.9,366.7262912310815,grid
5108,Villa Alemana,-33.0441903,-71.3725464,21.87,6.9,369.6169679963493,grid
5109,Viña del Mar,-33.0244535,-71.5517636,21.89,7.2,365.80946684556864,grid
5301,Los Andes,-32.8336867,-70.5981609,10.93,6.1,422.02476469955764,grid
5501,Quillota,-32.879997,-71.2473555,16.23,6.6,390.922960544677,grid
5505,Limache,-33.0018741,-71.2657315,19.46,6.8,377.7506895965051,grid
5506,Nogales,-32.736381,-71.2002438,14.25,6.6,407.3740021164623,grid
5601,San Antonio,-33.5808615,-71.6132377,29.55,6.6,305.90771604247396,grid
5701,San Felipe,-32.750687,-70.7252688,12.37,6.2,424.50480726526996,grid
5706,Santa María,-32.75,-70.66,12.05,6.2,427.4123303758357,grid
6101,Rancagua,-34.1702433,-70.740718,23.62,6.9,292.5105381426013,grid
6104,Coltauco,-34.2862794,-71.0825729,30.91,7.4,262.4244925992783,grid
6117,San Vicente,-34.4392675,-71.07679,29.94,7.3,249.6678069532155,grid
6301,San Fernando,-34.583791,-70.989122,24.85,7.0,243.35047018401806,grid
6305,Nancagua,-34.6527427,-71.1953819,28.39,7.2,224.74414097629807,grid
6310,Santa Cruz,-34.6403243,-71.3661297,32.73,7.5,215.47209050415861,grid
7101,Talca,-35.4265343,-71.6660322,31.91,7.5,135.39708912484218,grid
7103,Curepto,-35.0937166,-72.0180794,40.87,7.8,139.287650491853,grid
7301,Curicó,-34.98,-71.24,33.03,7.6,196.52342940248838,grid
7401,Linares,-35.8452905,-71.5977173,26.37,7.0,120.97300897416865,grid
7403,Longaví,-35.96,-71.68,26.96,6.9,110.9833929062664,grid
7404,Parral,-36.1414293,-71.8222221,34.42,7.7,96.63722458105455,grid
7406,San Javier,-35.5923933,-71.735308,25.73,6.7,120.19639072463515,grid
8101,Concepción,-36.8270698,-73.0502064,43.29,7.6,79.57260115818053,grid
8102,Coronel,-37.0164712,-73.1561953,35.8,6.9,102.09833030753545,grid
8103,Chiguayante,-36.9292478,-73.0237115,31.25,6.9,90.4619574912427,grid
8106,Lota,-37.0944533,-73.1564024,34.89,6.9,110.56427311550833,grid
8107,Penco,-36.7385838,-72.9937749,37.56,7.1,69.09433473345528,grid
8108,San Pedro de La Paz,-36.8414183,-73.1039909,41.13,7.2,82.08820401905884,grid
8110,Talcahuano,-36.7144863,-73.1141087,45.13,7.7,68.66066523870012,grid
8112,Hualpén,-36.7927608,-73.0943414,39.22,7.0,76.62428893176723,grid
8207,Tirúa,-38.34,-73.5,28.6,6.8,252.32152121440504,grid
8301,Los Ángeles,-37.4707455,-72.351686,27.84,7.2,157.6645064525165,grid
8304,Laja,-37.2795106,-72.7149212,28.08,6.7,129.7399969433553,grid
8309,Quilleco,-37.4709734,-71.9803093,25.34,6.8,170.8090791715197,grid
8401,Chillán,-36.6066616,-72.1033194,23.42,6.5,89.2608320002873,grid
8411,Pinto,-36.7036112,-71.8922832,25.52,6.7,110.8227676497312,grid
9101,Temuco,-38.7358908,-72.590538,17.51,6.6,291.9160077592479,grid
9102,Carahue,-38.7115844,-73.1651699,18.18,6.5,288.91329521161725,grid
9201,Angol,-37.798787,-72.7086097,26.8,6.8,187.20787135252914,grid
9208,Purén,-38.0332836,-73.0725938,23.52,5.5,213.0885627668381,grid
9210,Traiguén,-38.25,-72.67,26.41,6.7,237.48299164274883,grid
10101,Puerto Montt,-41.471798,-72.9395915,2.313,4.7,594.8812925836505,grid
10201,Castro,-42.482375,-73.7642918,0.911,3.5,711.1465109764471,grid
10209,Quemchi,-42.1445307,-73.4735593,1.034,3.6,671.5072991794667,grid
10301,Osorno,-40.5736955,-73.1358091,4.135,5.1,495.43955047784203,grid
10303,Purranque,-40.9128096,-73.1581888,2.601,4.4,533.1936447799329,grid
11101,Coyhaique,-45.5711804,-72.0684863,0.0,1.0,1052.998111972834,fuera_grid
11201,Aysén,-46.1434629,-74.2135758,0.0,1.0,1119.7240090548075,fuera_grid
12101,Punta Arenas,-53.1625688,-70.907822,0.0,1.0,1901.1654714237288,fuera_grid
13101,Santiago,-33.4376995,-70.6510671,35.47,7.4,362.1907298628409,grid
13102,Cerrillos,-33.5023396,-70.7158417,35.72,7.8,352.875323174348,grid
13103,Cerro Navia,-33.4252778,-70.7461548,35.92,7.8,358.5069283695875,grid
13104,Conchalí,-33.3843233,-70.6747382,36.82,8.0,365.92923644546414,grid
13105,El Bosque,-33.5561468,-70.6655679,32.67,7.5,350.56175329837987,grid
13106,Estación Central,-33.46,-70.68,37.39,7.6,358.63662072751015,grid
13107,Huechuraba,-33.3744615,-70.6362988,35.41,7.9,368.8036752044866,grid
13108,Independencia,-33.422295,-70.6554648,39.3,8.1,363.38769841543,grid
13109,La Cisterna,-33.5346265,-70.6644024,32.67,7.5,352.5884932237515,grid
13110,La Florida,-33.5204181,-70.6006178,32.52,7.5,357.2733170189058,grid
13111,La Granja,-33.5431234,-70.6332426,31.04,7.4,353.4668263547168,grid
13112,La Pintana,-33.5833594,-70.629827,29.81,7.3,350.00198780899615,grid
13113,La Reina,-33.442282,-70.5432729,28.96,7.5,367.43839222154344,grid
13114,Las Condes,-33.4084548,-70.5671489,33.22,7.9,369.25896314608553,grid
13115,Lo Barnechea,-33.3616012,-70.5051957,23.88,7.2,376.8158665228462,grid
13116,Lo Espejo,-33.5250782,-70.694539,32.64,7.5,351.8831698340114,grid
13117,Lo Prado,-33.4474082,-70.7233863,35.49,7.6,357.5871049367832,grid
13118,Macul,-33.4821635,-70.5991929,32.73,7.7,360.8293527044722,grid
13119,Maipú,-33.51,-70.76,43.6,8.2,349.9040221206015,grid
13120,Ñuñoa,-33.4543164,-70.5936358,33.5,7.8,363.66598815566067,grid
13121,Pedro Aguirre Cerda,-33.49383,-70.6760755,32.98,7.4,355.71929202433364,grid
13122,Peñalolén,-33.4765918,-70.5418308,28.32,7.5,364.40342048349123,grid
13123,Providencia,-33.4288379,-70.6113373,34.77,7.9,365.071879852186,grid
13124,Pudahuel,-33.4192724,-70.8634486,30.15,7.4,353.3217902384474,grid
13125,Quilicura,-33.3600426,-70.7118564,33.5,7.9,366.33502055830155,grid
13126,Quinta Normal,-33.4283561,-70.6999898,39.98,7.9,360.54812923105897,grid
13127,Recoleta,-33.4020744,-70.6428912,39.3,8.1,365.906071659598,grid
13128,Renca,-33.4036212,-70.7310176,35.78,7.7,361.2925539016601,grid
13129,San Joaquín,-33.4942329,-70.6284983,31.01,7.5,358.1760996177089,grid
13130,San Miguel,-33.4859746,-70.6495465,31.22,7.3,357.8260123560701,grid
13131,San Ramón,-33.5428175,-70.643812,32.67,7.5,352.9316822519479,grid
13132,Vitacura,-33.3871062,-70.5764516,31.22,7.9,370.72999789588476,grid
13201,Puente Alto,-33.6095279,-70.5754736,27.53,7.1,350.6133895001319,grid
13202,Pirque,-33.6348808,-70.5729961,24.68,7.0,348.48930364766954,grid
13203,San José de Maipo,-33.64,-70.35,16.89,6.5,360.7837873168468,grid
13301,Colina,-33.202472,-70.6749147,22.78,7.0,383.0220398967088,grid
13302,Lampa,-33.2895953,-70.8705255,23.29,6.8,365.4090785915386,grid
13303,Til Til,-33.0852808,-70.9293877,17.56,6.6,382.70559738910697,grid
13401,San Bernardo,-33.5922859,-70.7045838,32.93,7.5,345.1984360994154,grid
13402,Buin,-33.7319741,-70.7419619,28.36,7.2,330.5266379389353,grid
13403,Calera de Tango,-33.6309419,-70.7593202,31.9,7.5,338.7795473579928,grid
13404,Paine,-33.8101102,-70.7390236,29.04,7.3,323.6891263677051,grid
13501,Melipilla,-33.6855134,-71.2145796,28.11,6.9,311.38081949737415,grid
13503,Curacaví,-33.4022289,-71.1293733,20.19,6.5,342.85676798980137,grid
13601,Talagante,-33.6644388,-70.9302778,30.52,7.1,326.90971254770767,grid
13602,El Monte,-33.6678197,-71.0272362,26.61,6.7,321.8213889761142,grid
13603,Isla de Maipo,-33.7537387,-70.9039325,28.57,7.1,319.95992997122926,grid
13604,Padre Hurtado,-33.5673051,-70.8020467,31.29,7.5,342.43880858648015,grid
13605,Peñaflor,-33.61,-70.88,28.95,7.2,334.5190860116602,grid
14101,Valdivia,-39.8141262,-73.2459859,6.943,5.8,411.6763327132479,grid
14202,Futrono,-40.131196,-72.3826602,4.598,4.7,448.072829253614,grid
15101,Arica,-18.4785288,-70.3211394,0.0,1.0,1978.0835653174522,fuera_grid
